/*
MySQL Backup
Database: cursos
Backup Time: 2019-08-26 16:40:25
*/

SET FOREIGN_KEY_CHECKS=0;
DROP TABLE IF EXISTS `cursos`.`auth_assignment`;
DROP TABLE IF EXISTS `cursos`.`auth_item`;
DROP TABLE IF EXISTS `cursos`.`auth_item_child`;
DROP TABLE IF EXISTS `cursos`.`auth_item_group`;
DROP TABLE IF EXISTS `cursos`.`auth_rule`;
DROP TABLE IF EXISTS `cursos`.`cur_curso`;
DROP TABLE IF EXISTS `cursos`.`cur_imagenes`;
DROP TABLE IF EXISTS `cursos`.`cur_instructor`;
DROP TABLE IF EXISTS `cursos`.`cur_participante`;
DROP TABLE IF EXISTS `cursos`.`user`;
DROP TABLE IF EXISTS `cursos`.`user_visit_log`;
CREATE TABLE `auth_assignment` (
  `item_name` varchar(64) CHARACTER SET utf8 COLLATE utf8_general_ci NOT NULL,
  `user_id` int(11) NOT NULL,
  `created_at` int(11) DEFAULT NULL,
  PRIMARY KEY (`item_name`,`user_id`) USING BTREE,
  KEY `user_id` (`user_id`) USING BTREE,
  CONSTRAINT `auth_assignment_ibfk_1` FOREIGN KEY (`item_name`) REFERENCES `auth_item` (`name`) ON DELETE CASCADE ON UPDATE CASCADE,
  CONSTRAINT `auth_assignment_ibfk_2` FOREIGN KEY (`user_id`) REFERENCES `user` (`id`) ON DELETE CASCADE ON UPDATE CASCADE
) ENGINE=InnoDB DEFAULT CHARSET=utf8;
CREATE TABLE `auth_item` (
  `name` varchar(64) CHARACTER SET utf8 COLLATE utf8_general_ci NOT NULL,
  `type` int(11) NOT NULL,
  `description` text CHARACTER SET utf8 COLLATE utf8_general_ci,
  `rule_name` varchar(64) CHARACTER SET utf8 COLLATE utf8_general_ci DEFAULT NULL,
  `data` text CHARACTER SET utf8 COLLATE utf8_general_ci,
  `created_at` int(11) DEFAULT NULL,
  `updated_at` int(11) DEFAULT NULL,
  `group_code` varchar(64) CHARACTER SET utf8 COLLATE utf8_general_ci DEFAULT NULL,
  PRIMARY KEY (`name`) USING BTREE,
  KEY `rule_name` (`rule_name`) USING BTREE,
  KEY `idx-auth_item-type` (`type`) USING BTREE,
  KEY `fk_auth_item_group_code` (`group_code`) USING BTREE,
  CONSTRAINT `auth_item_ibfk_1` FOREIGN KEY (`rule_name`) REFERENCES `auth_rule` (`name`) ON DELETE SET NULL ON UPDATE CASCADE,
  CONSTRAINT `fk_auth_item_group_code` FOREIGN KEY (`group_code`) REFERENCES `auth_item_group` (`code`) ON DELETE SET NULL ON UPDATE CASCADE
) ENGINE=InnoDB DEFAULT CHARSET=utf8;
CREATE TABLE `auth_item_child` (
  `parent` varchar(64) CHARACTER SET utf8 COLLATE utf8_general_ci NOT NULL,
  `child` varchar(64) CHARACTER SET utf8 COLLATE utf8_general_ci NOT NULL,
  PRIMARY KEY (`parent`,`child`) USING BTREE,
  KEY `child` (`child`) USING BTREE,
  CONSTRAINT `auth_item_child_ibfk_1` FOREIGN KEY (`parent`) REFERENCES `auth_item` (`name`) ON DELETE CASCADE ON UPDATE CASCADE,
  CONSTRAINT `auth_item_child_ibfk_2` FOREIGN KEY (`child`) REFERENCES `auth_item` (`name`) ON DELETE CASCADE ON UPDATE CASCADE
) ENGINE=InnoDB DEFAULT CHARSET=utf8;
CREATE TABLE `auth_item_group` (
  `code` varchar(64) CHARACTER SET utf8 COLLATE utf8_general_ci NOT NULL,
  `name` varchar(255) CHARACTER SET utf8 COLLATE utf8_general_ci NOT NULL,
  `created_at` int(11) DEFAULT NULL,
  `updated_at` int(11) DEFAULT NULL,
  PRIMARY KEY (`code`) USING BTREE
) ENGINE=InnoDB DEFAULT CHARSET=utf8;
CREATE TABLE `auth_rule` (
  `name` varchar(64) CHARACTER SET utf8 COLLATE utf8_general_ci NOT NULL,
  `data` text CHARACTER SET utf8 COLLATE utf8_general_ci,
  `created_at` int(11) DEFAULT NULL,
  `updated_at` int(11) DEFAULT NULL,
  PRIMARY KEY (`name`) USING BTREE
) ENGINE=InnoDB DEFAULT CHARSET=utf8;
CREATE TABLE `cur_curso` (
  `cur_id` int(10) NOT NULL AUTO_INCREMENT,
  `cur_nombre` varchar(150) CHARACTER SET utf8mb4 COLLATE utf8mb4_general_ci NOT NULL,
  `cur_dirigido` text COLLATE utf8mb4_general_ci,
  `cur_cupo` int(5) DEFAULT NULL,
  `cur_fechainicio` date DEFAULT NULL,
  `cur_fechafinal` date DEFAULT NULL,
  `cur_presentacion` text COLLATE utf8mb4_general_ci,
  `cur_objetivo` text CHARACTER SET utf8mb4 COLLATE utf8mb4_general_ci,
  `cur_requisitos` text COLLATE utf8mb4_general_ci,
  `cur_requerimientos` text COLLATE utf8mb4_general_ci,
  `cur_duracion` int(255) DEFAULT NULL COMMENT 'Minutos',
  `cur_horario` text COLLATE utf8mb4_general_ci,
  `cur_costo` double(10,2) DEFAULT NULL,
  `cur_formaPago` text COLLATE utf8mb4_general_ci,
  `cur_obtendra` text COLLATE utf8mb4_general_ci,
  `cur_fkins_id` int(11) DEFAULT NULL,
  `cur_temario` longtext COLLATE utf8mb4_general_ci,
  `cur_procedimiento` text COLLATE utf8mb4_general_ci,
  `cur_contacto` text COLLATE utf8mb4_general_ci,
  `cur_observaciones` text COLLATE utf8mb4_general_ci,
  PRIMARY KEY (`cur_id`),
  KEY `cur_fkins_id` (`cur_fkins_id`),
  CONSTRAINT `cur_fkins_id` FOREIGN KEY (`cur_fkins_id`) REFERENCES `cur_instructor` (`ins_id`)
) ENGINE=InnoDB AUTO_INCREMENT=5 DEFAULT CHARSET=utf8mb4 COLLATE=utf8mb4_general_ci;
CREATE TABLE `cur_imagenes` (
  `ima_id` int(11) NOT NULL AUTO_INCREMENT,
  `ima_url` varchar(100) CHARACTER SET utf8mb4 COLLATE utf8mb4_general_ci NOT NULL,
  `ima_activo` tinyint(4) NOT NULL,
  `ima_fkcurso` int(10) NOT NULL,
  PRIMARY KEY (`ima_id`),
  KEY `ima_fkcurso` (`ima_fkcurso`),
  CONSTRAINT `ima_fkcurso` FOREIGN KEY (`ima_fkcurso`) REFERENCES `cur_curso` (`cur_id`)
) ENGINE=InnoDB DEFAULT CHARSET=utf8mb4 COLLATE=utf8mb4_general_ci;
CREATE TABLE `cur_instructor` (
  `ins_id` int(11) NOT NULL AUTO_INCREMENT,
  `ins_titulo` varchar(10) COLLATE utf8mb4_general_ci NOT NULL,
  `ins_nombre` varchar(100) COLLATE utf8mb4_general_ci NOT NULL,
  `ins_paterno` varchar(100) COLLATE utf8mb4_general_ci NOT NULL,
  `ins_materno` varchar(100) COLLATE utf8mb4_general_ci NOT NULL,
  `ins_descripcion` text CHARACTER SET utf8mb4 COLLATE utf8mb4_general_ci,
  PRIMARY KEY (`ins_id`)
) ENGINE=InnoDB AUTO_INCREMENT=2 DEFAULT CHARSET=utf8mb4 COLLATE=utf8mb4_general_ci;
CREATE TABLE `cur_participante` (
  `par_id` int(11) NOT NULL AUTO_INCREMENT,
  `par_nombre` varchar(50) CHARACTER SET utf8mb4 COLLATE utf8mb4_general_ci NOT NULL,
  `par_paterno` varchar(50) CHARACTER SET utf8mb4 COLLATE utf8mb4_general_ci NOT NULL,
  `par_materno` varchar(50) CHARACTER SET utf8mb4 COLLATE utf8mb4_general_ci NOT NULL,
  `par_genero` char(1) CHARACTER SET utf8mb4 COLLATE utf8mb4_general_ci NOT NULL COMMENT 'M Mujer y H Hombre',
  `par_telefono` varchar(20) CHARACTER SET utf8mb4 COLLATE utf8mb4_general_ci DEFAULT NULL,
  `par_email` varchar(50) CHARACTER SET utf8mb4 COLLATE utf8mb4_general_ci DEFAULT NULL,
  `par_edad` int(3) NOT NULL,
  `par_procedencia` varchar(100) CHARACTER SET utf8mb4 COLLATE utf8mb4_general_ci DEFAULT NULL,
  `par_pagado` double NOT NULL DEFAULT '0',
  `par_observaciones` text CHARACTER SET utf8mb4 COLLATE utf8mb4_general_ci,
  `par_fkcurso` int(10) NOT NULL,
  PRIMARY KEY (`par_id`),
  KEY `par_fkcurso` (`par_fkcurso`),
  CONSTRAINT `par_fkcurso` FOREIGN KEY (`par_fkcurso`) REFERENCES `cur_curso` (`cur_id`)
) ENGINE=InnoDB DEFAULT CHARSET=utf8mb4 COLLATE=utf8mb4_general_ci;
CREATE TABLE `user` (
  `id` int(11) NOT NULL AUTO_INCREMENT,
  `username` varchar(255) CHARACTER SET utf8 COLLATE utf8_general_ci NOT NULL,
  `auth_key` varchar(32) CHARACTER SET utf8 COLLATE utf8_general_ci NOT NULL,
  `password_hash` varchar(255) CHARACTER SET utf8 COLLATE utf8_general_ci NOT NULL,
  `confirmation_token` varchar(255) CHARACTER SET utf8 COLLATE utf8_general_ci DEFAULT NULL,
  `status` int(11) NOT NULL DEFAULT '1',
  `superadmin` smallint(1) DEFAULT '0',
  `created_at` int(11) NOT NULL,
  `updated_at` int(11) NOT NULL,
  `registration_ip` varchar(15) CHARACTER SET utf8 COLLATE utf8_general_ci DEFAULT NULL,
  `bind_to_ip` varchar(255) CHARACTER SET utf8 COLLATE utf8_general_ci DEFAULT NULL,
  `email` varchar(128) CHARACTER SET utf8 COLLATE utf8_general_ci DEFAULT NULL,
  `email_confirmed` smallint(1) NOT NULL DEFAULT '0',
  PRIMARY KEY (`id`) USING BTREE
) ENGINE=InnoDB AUTO_INCREMENT=6 DEFAULT CHARSET=utf8;
CREATE TABLE `user_visit_log` (
  `id` int(11) NOT NULL AUTO_INCREMENT,
  `token` varchar(255) CHARACTER SET utf8 COLLATE utf8_general_ci NOT NULL,
  `ip` varchar(15) CHARACTER SET utf8 COLLATE utf8_general_ci NOT NULL,
  `language` char(2) CHARACTER SET utf8 COLLATE utf8_general_ci NOT NULL,
  `user_agent` varchar(255) CHARACTER SET utf8 COLLATE utf8_general_ci NOT NULL,
  `user_id` int(11) DEFAULT NULL,
  `visit_time` int(11) NOT NULL,
  `browser` varchar(30) CHARACTER SET utf8 COLLATE utf8_general_ci DEFAULT NULL,
  `os` varchar(20) CHARACTER SET utf8 COLLATE utf8_general_ci DEFAULT NULL,
  PRIMARY KEY (`id`) USING BTREE,
  KEY `user_id` (`user_id`) USING BTREE,
  CONSTRAINT `user_visit_log_ibfk_1` FOREIGN KEY (`user_id`) REFERENCES `user` (`id`) ON DELETE SET NULL ON UPDATE CASCADE
) ENGINE=InnoDB AUTO_INCREMENT=150 DEFAULT CHARSET=utf8;
BEGIN;
LOCK TABLES `cursos`.`auth_assignment` WRITE;
DELETE FROM `cursos`.`auth_assignment`;
INSERT INTO `cursos`.`auth_assignment` (`item_name`,`user_id`,`created_at`) VALUES ('Admin', 1, 1565973199),('Admin', 4, 1565116170),('Admin', 5, 1565116045),('Jefe', 3, 1565743198),('otro', 4, 1565116323),('otro', 5, 1565116045);
UNLOCK TABLES;
COMMIT;
BEGIN;
LOCK TABLES `cursos`.`auth_item` WRITE;
DELETE FROM `cursos`.`auth_item`;
INSERT INTO `cursos`.`auth_item` (`name`,`type`,`description`,`rule_name`,`data`,`created_at`,`updated_at`,`group_code`) VALUES ('/*', 3, NULL, NULL, NULL, 1426062189, 1426062189, NULL),('//*', 3, NULL, NULL, NULL, 1426062189, 1426062189, NULL),('//controller', 3, NULL, NULL, NULL, 1426062189, 1426062189, NULL),('//crud', 3, NULL, NULL, NULL, 1426062189, 1426062189, NULL),('//extension', 3, NULL, NULL, NULL, 1426062189, 1426062189, NULL),('//form', 3, NULL, NULL, NULL, 1426062189, 1426062189, NULL),('//index', 3, NULL, NULL, NULL, 1426062189, 1426062189, NULL),('//model', 3, NULL, NULL, NULL, 1426062189, 1426062189, NULL),('//module', 3, NULL, NULL, NULL, 1426062189, 1426062189, NULL),('/asset/*', 3, NULL, NULL, NULL, 1426062189, 1426062189, NULL),('/asset/compress', 3, NULL, NULL, NULL, 1426062189, 1426062189, NULL),('/asset/template', 3, NULL, NULL, NULL, 1426062189, 1426062189, NULL),('/cache/*', 3, NULL, NULL, NULL, 1426062189, 1426062189, NULL),('/cache/flush', 3, NULL, NULL, NULL, 1426062189, 1426062189, NULL),('/cache/flush-all', 3, NULL, NULL, NULL, 1426062189, 1426062189, NULL),('/cache/flush-schema', 3, NULL, NULL, NULL, 1426062189, 1426062189, NULL),('/cache/index', 3, NULL, NULL, NULL, 1426062189, 1426062189, NULL),('/dashboard/*', 3, NULL, NULL, NULL, 1510367286, 1510367286, NULL),('/dashboard/create', 3, NULL, NULL, NULL, 1510367286, 1510367286, NULL),('/dashboard/delete', 3, NULL, NULL, NULL, 1510367286, 1510367286, NULL),('/dashboard/index', 3, NULL, NULL, NULL, 1510367286, 1510367286, NULL),('/dashboard/update', 3, NULL, NULL, NULL, 1510367286, 1510367286, NULL),('/dashboard/view', 3, NULL, NULL, NULL, 1510367286, 1510367286, NULL),('/debug/*', 3, NULL, NULL, NULL, 1510367286, 1510367286, NULL),('/debug/default/*', 3, NULL, NULL, NULL, 1510367286, 1510367286, NULL),('/debug/default/db-explain', 3, NULL, NULL, NULL, 1510367287, 1510367287, NULL),('/debug/default/download-mail', 3, NULL, NULL, NULL, 1510367286, 1510367286, NULL),('/debug/default/index', 3, NULL, NULL, NULL, 1510367287, 1510367287, NULL),('/debug/default/toolbar', 3, NULL, NULL, NULL, 1510367287, 1510367287, NULL),('/debug/default/view', 3, NULL, NULL, NULL, 1510367287, 1510367287, NULL),('/debug/user/*', 3, NULL, NULL, NULL, 1510367286, 1510367286, NULL),('/debug/user/reset-identity', 3, NULL, NULL, NULL, 1510367286, 1510367286, NULL),('/debug/user/set-identity', 3, NULL, NULL, NULL, 1510367286, 1510367286, NULL),('/fixture/*', 3, NULL, NULL, NULL, 1426062189, 1426062189, NULL),('/fixture/load', 3, NULL, NULL, NULL, 1426062189, 1426062189, NULL),('/fixture/unload', 3, NULL, NULL, NULL, 1426062189, 1426062189, NULL),('/gii/*', 3, NULL, NULL, NULL, 1426062189, 1426062189, NULL),('/gii/default/*', 3, NULL, NULL, NULL, 1426062189, 1426062189, NULL),('/gii/default/action', 3, NULL, NULL, NULL, 1426062189, 1426062189, NULL),('/gii/default/diff', 3, NULL, NULL, NULL, 1426062189, 1426062189, NULL),('/gii/default/index', 3, NULL, NULL, NULL, 1426062189, 1426062189, NULL),('/gii/default/preview', 3, NULL, NULL, NULL, 1426062189, 1426062189, NULL),('/gii/default/view', 3, NULL, NULL, NULL, 1426062189, 1426062189, NULL),('/gridview/*', 3, NULL, NULL, NULL, 1510367287, 1510367287, NULL),('/gridview/export/*', 3, NULL, NULL, NULL, 1510367287, 1510367287, NULL),('/gridview/export/download', 3, NULL, NULL, NULL, 1510367287, 1510367287, NULL),('/hello/*', 3, NULL, NULL, NULL, 1426062189, 1426062189, NULL),('/hello/index', 3, NULL, NULL, NULL, 1426062189, 1426062189, NULL),('/help/*', 3, NULL, NULL, NULL, 1426062189, 1426062189, NULL),('/help/index', 3, NULL, NULL, NULL, 1426062189, 1426062189, NULL),('/message/*', 3, NULL, NULL, NULL, 1426062189, 1426062189, NULL),('/message/config', 3, NULL, NULL, NULL, 1426062189, 1426062189, NULL),('/message/extract', 3, NULL, NULL, NULL, 1426062189, 1426062189, NULL),('/migrate/*', 3, NULL, NULL, NULL, 1426062189, 1426062189, NULL),('/migrate/create', 3, NULL, NULL, NULL, 1426062189, 1426062189, NULL),('/migrate/down', 3, NULL, NULL, NULL, 1426062189, 1426062189, NULL),('/migrate/history', 3, NULL, NULL, NULL, 1426062189, 1426062189, NULL),('/migrate/mark', 3, NULL, NULL, NULL, 1426062189, 1426062189, NULL),('/migrate/new', 3, NULL, NULL, NULL, 1426062189, 1426062189, NULL),('/migrate/redo', 3, NULL, NULL, NULL, 1426062189, 1426062189, NULL),('/migrate/to', 3, NULL, NULL, NULL, 1426062189, 1426062189, NULL),('/migrate/up', 3, NULL, NULL, NULL, 1426062189, 1426062189, NULL),('/req-area/*', 3, NULL, NULL, NULL, 1565623698, 1565623698, NULL),('/req-area/create', 3, NULL, NULL, NULL, 1565623700, 1565623700, NULL),('/req-area/delete', 3, NULL, NULL, NULL, 1565623698, 1565623698, NULL),('/req-area/index', 3, NULL, NULL, NULL, 1565623700, 1565623700, NULL),('/req-area/update', 3, NULL, NULL, NULL, 1565623699, 1565623699, NULL),('/req-area/view', 3, NULL, NULL, NULL, 1565623700, 1565623700, NULL),('/req-configuracion/*', 3, NULL, NULL, NULL, 1565623696, 1565623696, NULL),('/req-configuracion/create', 3, NULL, NULL, NULL, 1565623697, 1565623697, NULL),('/req-configuracion/delete', 3, NULL, NULL, NULL, 1565623696, 1565623696, NULL),('/req-configuracion/index', 3, NULL, NULL, NULL, 1565623698, 1565623698, NULL),('/req-configuracion/update', 3, NULL, NULL, NULL, 1565623697, 1565623697, NULL),('/req-configuracion/view', 3, NULL, NULL, NULL, 1565623697, 1565623697, NULL),('/req-detalle/*', 3, NULL, NULL, NULL, 1565623693, 1565623693, NULL),('/req-detalle/create', 3, NULL, NULL, NULL, 1565623695, 1565623695, NULL),('/req-detalle/delete', 3, NULL, NULL, NULL, 1565623694, 1565623694, NULL),('/req-detalle/index', 3, NULL, NULL, NULL, 1565623696, 1565623696, NULL),('/req-detalle/update', 3, NULL, NULL, NULL, 1565623694, 1565623694, NULL),('/req-detalle/view', 3, NULL, NULL, NULL, 1565623695, 1565623695, NULL),('/req-personal/*', 3, NULL, NULL, NULL, 1565623691, 1565623691, NULL),('/req-personal/create', 3, NULL, NULL, NULL, 1565623692, 1565623692, NULL),('/req-personal/delete', 3, NULL, NULL, NULL, 1565623691, 1565623691, NULL),('/req-personal/index', 3, NULL, NULL, NULL, 1565623693, 1565623693, NULL),('/req-personal/update', 3, NULL, NULL, NULL, 1565623691, 1565623691, NULL),('/req-personal/view', 3, NULL, NULL, NULL, 1565623693, 1565623693, NULL),('/req-requisicion/*', 3, NULL, NULL, NULL, 1565623687, 1565623687, NULL),('/req-requisicion/create', 3, NULL, NULL, NULL, 1565623689, 1565623689, NULL),('/req-requisicion/delete', 3, NULL, NULL, NULL, 1565623689, 1565623689, NULL),('/req-requisicion/index', 3, NULL, NULL, NULL, 1565623690, 1565623690, NULL),('/req-requisicion/report', 3, NULL, NULL, NULL, 1565623688, 1565623688, NULL),('/req-requisicion/update', 3, NULL, NULL, NULL, 1565623689, 1565623689, NULL),('/req-requisicion/view', 3, NULL, NULL, NULL, 1565623690, 1565623690, NULL),('/site/*', 3, NULL, NULL, NULL, 1510367286, 1510367286, NULL),('/site/about', 3, NULL, NULL, NULL, 1510367286, 1510367286, NULL),('/site/captcha', 3, NULL, NULL, NULL, 1510367286, 1510367286, NULL),('/site/contact', 3, NULL, NULL, NULL, 1510367286, 1510367286, NULL),('/site/dash', 3, NULL, NULL, NULL, 1510367286, 1510367286, NULL),('/site/error', 3, NULL, NULL, NULL, 1510367286, 1510367286, NULL),('/site/index', 3, NULL, NULL, NULL, 1510367286, 1510367286, NULL),('/site/login', 3, NULL, NULL, NULL, 1510367286, 1510367286, NULL),('/site/logout', 3, NULL, NULL, NULL, 1510367286, 1510367286, NULL),('/sws-dashboard/*', 3, NULL, NULL, NULL, 1565623684, 1565623684, NULL),('/sws-dashboard/contador', 3, NULL, NULL, NULL, 1565623685, 1565623685, NULL),('/sws-dashboard/create', 3, NULL, NULL, NULL, 1565623686, 1565623686, NULL),('/sws-dashboard/delete', 3, NULL, NULL, NULL, 1565623685, 1565623685, NULL),('/sws-dashboard/index', 3, NULL, NULL, NULL, 1565623687, 1565623687, NULL),('/sws-dashboard/submenu', 3, NULL, NULL, NULL, 1565623684, 1565623684, NULL),('/sws-dashboard/update', 3, NULL, NULL, NULL, 1565623685, 1565623685, NULL),('/sws-dashboard/view', 3, NULL, NULL, NULL, 1565623686, 1565623686, NULL),('/sws-dashboardgrupos/*', 3, NULL, NULL, NULL, 1565623682, 1565623682, NULL),('/sws-dashboardgrupos/create', 3, NULL, NULL, NULL, 1565623683, 1565623683, NULL),('/sws-dashboardgrupos/delete', 3, NULL, NULL, NULL, 1565623682, 1565623682, NULL),('/sws-dashboardgrupos/index', 3, NULL, NULL, NULL, 1565623683, 1565623683, NULL),('/sws-dashboardgrupos/update', 3, NULL, NULL, NULL, 1565623682, 1565623682, NULL),('/sws-dashboardgrupos/view', 3, NULL, NULL, NULL, 1565623683, 1565623683, NULL),('/user-management/*', 3, NULL, NULL, NULL, 1426062189, 1426062189, NULL),('/user-management/auth-item-group/*', 3, NULL, NULL, NULL, 1426062189, 1426062189, NULL),('/user-management/auth-item-group/bulk-activate', 3, NULL, NULL, NULL, 1426062189, 1426062189, NULL),('/user-management/auth-item-group/bulk-deactivate', 3, NULL, NULL, NULL, 1426062189, 1426062189, NULL),('/user-management/auth-item-group/bulk-delete', 3, NULL, NULL, NULL, 1426062189, 1426062189, NULL),('/user-management/auth-item-group/create', 3, NULL, NULL, NULL, 1426062189, 1426062189, NULL),('/user-management/auth-item-group/delete', 3, NULL, NULL, NULL, 1426062189, 1426062189, NULL),('/user-management/auth-item-group/grid-page-size', 3, NULL, NULL, NULL, 1426062189, 1426062189, NULL),('/user-management/auth-item-group/grid-sort', 3, NULL, NULL, NULL, 1426062189, 1426062189, NULL),('/user-management/auth-item-group/index', 3, NULL, NULL, NULL, 1426062189, 1426062189, NULL),('/user-management/auth-item-group/toggle-attribute', 3, NULL, NULL, NULL, 1426062189, 1426062189, NULL),('/user-management/auth-item-group/update', 3, NULL, NULL, NULL, 1426062189, 1426062189, NULL),('/user-management/auth-item-group/view', 3, NULL, NULL, NULL, 1426062189, 1426062189, NULL),('/user-management/auth/*', 3, NULL, NULL, NULL, 1426062189, 1426062189, NULL),('/user-management/auth/captcha', 3, NULL, NULL, NULL, 1426062189, 1426062189, NULL),('/user-management/auth/change-own-password', 3, NULL, NULL, NULL, 1426062189, 1426062189, NULL),('/user-management/auth/confirm-email', 3, NULL, NULL, NULL, 1426062189, 1426062189, NULL),('/user-management/auth/confirm-email-receive', 3, NULL, NULL, NULL, 1426062189, 1426062189, NULL),('/user-management/auth/confirm-registration-email', 3, NULL, NULL, NULL, 1426062189, 1426062189, NULL),('/user-management/auth/login', 3, NULL, NULL, NULL, 1426062189, 1426062189, NULL),('/user-management/auth/logout', 3, NULL, NULL, NULL, 1426062189, 1426062189, NULL),('/user-management/auth/password-recovery', 3, NULL, NULL, NULL, 1426062189, 1426062189, NULL),('/user-management/auth/password-recovery-receive', 3, NULL, NULL, NULL, 1426062189, 1426062189, NULL),('/user-management/auth/registration', 3, NULL, NULL, NULL, 1426062189, 1426062189, NULL),('/user-management/permission/*', 3, NULL, NULL, NULL, 1426062189, 1426062189, NULL),('/user-management/permission/bulk-activate', 3, NULL, NULL, NULL, 1426062189, 1426062189, NULL),('/user-management/permission/bulk-deactivate', 3, NULL, NULL, NULL, 1426062189, 1426062189, NULL),('/user-management/permission/bulk-delete', 3, NULL, NULL, NULL, 1426062189, 1426062189, NULL),('/user-management/permission/create', 3, NULL, NULL, NULL, 1426062189, 1426062189, NULL),('/user-management/permission/delete', 3, NULL, NULL, NULL, 1426062189, 1426062189, NULL),('/user-management/permission/grid-page-size', 3, NULL, NULL, NULL, 1426062189, 1426062189, NULL),('/user-management/permission/grid-sort', 3, NULL, NULL, NULL, 1426062189, 1426062189, NULL),('/user-management/permission/index', 3, NULL, NULL, NULL, 1426062189, 1426062189, NULL),('/user-management/permission/refresh-routes', 3, NULL, NULL, NULL, 1426062189, 1426062189, NULL),('/user-management/permission/set-child-permissions', 3, NULL, NULL, NULL, 1426062189, 1426062189, NULL),('/user-management/permission/set-child-routes', 3, NULL, NULL, NULL, 1426062189, 1426062189, NULL),('/user-management/permission/toggle-attribute', 3, NULL, NULL, NULL, 1426062189, 1426062189, NULL),('/user-management/permission/update', 3, NULL, NULL, NULL, 1426062189, 1426062189, NULL),('/user-management/permission/view', 3, NULL, NULL, NULL, 1426062189, 1426062189, NULL),('/user-management/role/*', 3, NULL, NULL, NULL, 1426062189, 1426062189, NULL),('/user-management/role/bulk-activate', 3, NULL, NULL, NULL, 1426062189, 1426062189, NULL),('/user-management/role/bulk-deactivate', 3, NULL, NULL, NULL, 1426062189, 1426062189, NULL),('/user-management/role/bulk-delete', 3, NULL, NULL, NULL, 1426062189, 1426062189, NULL),('/user-management/role/create', 3, NULL, NULL, NULL, 1426062189, 1426062189, NULL),('/user-management/role/delete', 3, NULL, NULL, NULL, 1426062189, 1426062189, NULL),('/user-management/role/grid-page-size', 3, NULL, NULL, NULL, 1426062189, 1426062189, NULL),('/user-management/role/grid-sort', 3, NULL, NULL, NULL, 1426062189, 1426062189, NULL),('/user-management/role/index', 3, NULL, NULL, NULL, 1426062189, 1426062189, NULL),('/user-management/role/set-child-permissions', 3, NULL, NULL, NULL, 1426062189, 1426062189, NULL),('/user-management/role/set-child-roles', 3, NULL, NULL, NULL, 1426062189, 1426062189, NULL),('/user-management/role/toggle-attribute', 3, NULL, NULL, NULL, 1426062189, 1426062189, NULL),('/user-management/role/update', 3, NULL, NULL, NULL, 1426062189, 1426062189, NULL),('/user-management/role/view', 3, NULL, NULL, NULL, 1426062189, 1426062189, NULL),('/user-management/user-permission/*', 3, NULL, NULL, NULL, 1426062189, 1426062189, NULL),('/user-management/user-permission/set', 3, NULL, NULL, NULL, 1426062189, 1426062189, NULL),('/user-management/user-permission/set-roles', 3, NULL, NULL, NULL, 1426062189, 1426062189, NULL),('/user-management/user-visit-log/*', 3, NULL, NULL, NULL, 1426062189, 1426062189, NULL),('/user-management/user-visit-log/bulk-activate', 3, NULL, NULL, NULL, 1426062189, 1426062189, NULL),('/user-management/user-visit-log/bulk-deactivate', 3, NULL, NULL, NULL, 1426062189, 1426062189, NULL),('/user-management/user-visit-log/bulk-delete', 3, NULL, NULL, NULL, 1426062189, 1426062189, NULL),('/user-management/user-visit-log/create', 3, NULL, NULL, NULL, 1426062189, 1426062189, NULL),('/user-management/user-visit-log/delete', 3, NULL, NULL, NULL, 1426062189, 1426062189, NULL),('/user-management/user-visit-log/grid-page-size', 3, NULL, NULL, NULL, 1426062189, 1426062189, NULL),('/user-management/user-visit-log/grid-sort', 3, NULL, NULL, NULL, 1426062189, 1426062189, NULL),('/user-management/user-visit-log/index', 3, NULL, NULL, NULL, 1426062189, 1426062189, NULL),('/user-management/user-visit-log/toggle-attribute', 3, NULL, NULL, NULL, 1426062189, 1426062189, NULL),('/user-management/user-visit-log/update', 3, NULL, NULL, NULL, 1426062189, 1426062189, NULL),('/user-management/user-visit-log/view', 3, NULL, NULL, NULL, 1426062189, 1426062189, NULL),('/user-management/user/*', 3, NULL, NULL, NULL, 1426062189, 1426062189, NULL),('/user-management/user/bulk-activate', 3, NULL, NULL, NULL, 1426062189, 1426062189, NULL),('/user-management/user/bulk-deactivate', 3, NULL, NULL, NULL, 1426062189, 1426062189, NULL),('/user-management/user/bulk-delete', 3, NULL, NULL, NULL, 1426062189, 1426062189, NULL),('/user-management/user/change-password', 3, NULL, NULL, NULL, 1426062189, 1426062189, NULL),('/user-management/user/create', 3, NULL, NULL, NULL, 1426062189, 1426062189, NULL),('/user-management/user/delete', 3, NULL, NULL, NULL, 1426062189, 1426062189, NULL),('/user-management/user/grid-page-size', 3, NULL, NULL, NULL, 1426062189, 1426062189, NULL),('/user-management/user/grid-sort', 3, NULL, NULL, NULL, 1426062189, 1426062189, NULL),('/user-management/user/index', 3, NULL, NULL, NULL, 1426062189, 1426062189, NULL),('/user-management/user/toggle-attribute', 3, NULL, NULL, NULL, 1426062189, 1426062189, NULL),('/user-management/user/update', 3, NULL, NULL, NULL, 1426062189, 1426062189, NULL),('/user-management/user/view', 3, NULL, NULL, NULL, 1426062189, 1426062189, NULL),('Admin', 1, 'Admin', NULL, NULL, 1426062189, 1426062189, NULL),('admRequisicion', 2, 'Administrar requisiciones', NULL, NULL, 1565743098, 1565972287, 'userManagement'),('assignRolesToUsers', 2, 'Assign roles to users', NULL, NULL, 1426062189, 1426062189, 'userManagement'),('bindUserToIp', 2, 'Bind user to IP', NULL, NULL, 1426062189, 1426062189, 'userManagement'),('changeOwnPassword', 2, 'Change own password', NULL, NULL, 1426062189, 1426062189, 'userCommonPermissions'),('changeUserPassword', 2, 'Change user password', NULL, NULL, 1426062189, 1426062189, 'userManagement'),('commonPermission', 2, 'Common permission', NULL, NULL, 1426062188, 1565973105, 'userCommonPermissions'),('createUsers', 2, 'Create users', NULL, NULL, 1426062189, 1426062189, 'userManagement'),('deleteUsers', 2, 'Delete users', NULL, NULL, 1426062189, 1426062189, 'userManagement'),('editUserEmail', 2, 'Edit user email', NULL, NULL, 1426062189, 1426062189, 'userManagement'),('editUsers', 2, 'Edit users', NULL, NULL, 1426062189, 1426062189, 'userManagement'),('Jefe', 1, 'Jefe', NULL, NULL, 1565742958, 1565742958, NULL),('otro', 1, 'otro', NULL, NULL, 1510364638, 1510364638, NULL),('Usuario General', 2, 'Usuario General', NULL, NULL, 1510367259, 1510367259, 'userManagement'),('viewRegistrationIp', 2, 'View registration IP', NULL, NULL, 1426062189, 1426062189, 'userManagement'),('viewUserEmail', 2, 'View user email', NULL, NULL, 1426062189, 1426062189, 'userManagement'),('viewUserRoles', 2, 'View user roles', NULL, NULL, 1426062189, 1426062189, 'userManagement'),('viewUsers', 2, 'View users', NULL, NULL, 1426062189, 1426062189, 'userManagement'),('viewVisitLog', 2, 'View visit log', NULL, NULL, 1426062189, 1426062189, 'userManagement');
UNLOCK TABLES;
COMMIT;
BEGIN;
LOCK TABLES `cursos`.`auth_item_child` WRITE;
DELETE FROM `cursos`.`auth_item_child`;
INSERT INTO `cursos`.`auth_item_child` (`parent`,`child`) VALUES ('admRequisicion', '/req-area/*'),('admRequisicion', '/req-area/create'),('admRequisicion', '/req-area/delete'),('admRequisicion', '/req-area/index'),('admRequisicion', '/req-area/update'),('admRequisicion', '/req-area/view'),('admRequisicion', '/req-configuracion/*'),('admRequisicion', '/req-configuracion/create'),('admRequisicion', '/req-configuracion/delete'),('admRequisicion', '/req-configuracion/index'),('admRequisicion', '/req-configuracion/update'),('admRequisicion', '/req-configuracion/view'),('admRequisicion', '/req-personal/*'),('admRequisicion', '/req-personal/create'),('admRequisicion', '/req-personal/delete'),('admRequisicion', '/req-personal/index'),('admRequisicion', '/req-personal/update'),('admRequisicion', '/req-personal/view'),('admRequisicion', '/req-requisicion/*'),('Usuario General', '/req-requisicion/*'),('admRequisicion', '/req-requisicion/create'),('Usuario General', '/req-requisicion/create'),('admRequisicion', '/req-requisicion/delete'),('Usuario General', '/req-requisicion/delete'),('admRequisicion', '/req-requisicion/index'),('Usuario General', '/req-requisicion/index'),('admRequisicion', '/req-requisicion/report'),('Usuario General', '/req-requisicion/report'),('admRequisicion', '/req-requisicion/update'),('admRequisicion', '/req-requisicion/view'),('Usuario General', '/req-requisicion/view'),('Usuario General', '/sws-dashboard/submenu'),('changeOwnPassword', '/user-management/auth/change-own-password'),('assignRolesToUsers', '/user-management/user-permission/set'),('assignRolesToUsers', '/user-management/user-permission/set-roles'),('viewVisitLog', '/user-management/user-visit-log/grid-page-size'),('viewVisitLog', '/user-management/user-visit-log/index'),('viewVisitLog', '/user-management/user-visit-log/view'),('editUsers', '/user-management/user/bulk-activate'),('editUsers', '/user-management/user/bulk-deactivate'),('deleteUsers', '/user-management/user/bulk-delete'),('changeUserPassword', '/user-management/user/change-password'),('createUsers', '/user-management/user/create'),('deleteUsers', '/user-management/user/delete'),('viewUsers', '/user-management/user/grid-page-size'),('viewUsers', '/user-management/user/index'),('editUsers', '/user-management/user/update'),('viewUsers', '/user-management/user/view'),('Jefe', 'admRequisicion'),('Admin', 'assignRolesToUsers'),('Admin', 'changeOwnPassword'),('Admin', 'changeUserPassword'),('Admin', 'createUsers'),('Admin', 'deleteUsers'),('Admin', 'editUsers'),('otro', 'Usuario General'),('editUserEmail', 'viewUserEmail'),('assignRolesToUsers', 'viewUserRoles'),('Admin', 'viewUsers'),('assignRolesToUsers', 'viewUsers'),('changeUserPassword', 'viewUsers'),('createUsers', 'viewUsers'),('deleteUsers', 'viewUsers'),('editUsers', 'viewUsers');
UNLOCK TABLES;
COMMIT;
BEGIN;
LOCK TABLES `cursos`.`auth_item_group` WRITE;
DELETE FROM `cursos`.`auth_item_group`;
INSERT INTO `cursos`.`auth_item_group` (`code`,`name`,`created_at`,`updated_at`) VALUES ('userCommonPermissions', 'User common permission', 1426062189, 1426062189),('userManagement', 'User management', 1426062189, 1426062189);
UNLOCK TABLES;
COMMIT;
BEGIN;
LOCK TABLES `cursos`.`auth_rule` WRITE;
DELETE FROM `cursos`.`auth_rule`;
UNLOCK TABLES;
COMMIT;
BEGIN;
LOCK TABLES `cursos`.`cur_curso` WRITE;
DELETE FROM `cursos`.`cur_curso`;
INSERT INTO `cursos`.`cur_curso` (`cur_id`,`cur_nombre`,`cur_dirigido`,`cur_cupo`,`cur_fechainicio`,`cur_fechafinal`,`cur_presentacion`,`cur_objetivo`,`cur_requisitos`,`cur_requerimientos`,`cur_duracion`,`cur_horario`,`cur_costo`,`cur_formaPago`,`cur_obtendra`,`cur_fkins_id`,`cur_temario`,`cur_procedimiento`,`cur_contacto`,`cur_observaciones`) VALUES (4, 'Curso de Desarrollo de Aplicaciones Web con JAVA EE', '{\"1\": \"Desarrolladores de aplicaciones.\", \"2\": \"Arquitectos e ingenieros de software.\", \"3\": \"Líderes de proyecto o equipo.\", \"4\": \"Consultores Técnicos.\", \"5\": \"Expertos en tecnología.\", \"6\": \"Estudiantes de licenciatura o posgrado.\", \"7\": \"Desarrolladores de Java que desean aprender cómo utilizar todo el poder de Java EE 7.\", \"8\": \"Profesores.\"}', 20, '2019-09-07', '2019-10-26', 'Java Enterprise Edition (JAVA EE) es una plataforma de programación para desarrollar y desplegar software de aplicación en el lenguaje de programación java, mediante las tecnologías JSP y SERVLETS.\r\n\r\nLa tecnología JavaServer Pages(TM) (página JSP(TM)) y los servlets son las principales tecnologías de la capa web que forman parte de Java(TM) Platform, Enterprise Edition (plataforma Java EE)\r\n\r\nPor sus características robustas, JAVA EE, es utilizado para el desarrollo de sistemas bancarios, sistemas aeroportuarios, sistemas embebidos, sistemas transaccionales, etcétera. y permite garantizar la automatización de procesos empresariales de gran tamaño.\r\n\r\nEl presente curso DESARROLLO DE APLICACIONES WEB CON JAVA EE, proporciona a los participantes, los conocimientos necesarios para diseñar, construir y administrar aplicaciones web mediante los componentes de la tecnología JAVA Enterprise Edition. ', 'Al finalizar el curso, el participante será capaz de planear, construir y desplegar aplicaciones web con tecnología Java, acceso a datos y generación de reportes, mediante técnicas de orientación a objetos y herramientas de desarrollo profesional, para automatizar diversas áreas en su campo de acción.\r\n\r\nLos participantes, los participantes implementarán tecnologías FRONT-END (html5, jsp, css, javascript, xml, json, ireport) y BACK-END(jsp, servlets, beans, jslt), en el desarrollo de programas y aplicaciones web con la tecnología JAVA EE.\r\n\r\nAdemás, el participante logrará consolidar las habilidades elementales (lógica-matemática, secuenciación, análisis, diferenciación, inferenciación, identificación, relación, comparación, interpretación, comprensión, etc.), que todo desarrollador de aplicaciones requiere, aplicando conocimientos teórico-prácticos en la solución de problemas cotidianos. ', '{\"1\": \"Conocimientos básicos de programación fundamental.\", \"2\": \"Gusto por la informática.\", \"3\": \"Estudios mínimos de preparatoria.\"}', '{\"1\": \"Preferentemente llevar laptop\"}', 40, 'Sesiones: 8 Sábados, Fechas Septiembre 7, 14, 21, 28, Octubre 5, 12, 19, 26\r\nHorario: sábados 8 a.m.- 2 p.m.', 4000.00, '{ \n  \"1\": \"1 Exhibición (pago único antes del Miércoles 4 de Septiembre)\",\n  \"2\": \"2 Exhibiciones ($2,000 a partir del 16 de agosto y $2,000 antes del Miercoles 4 de Septiembre)\" \n  }', '{\"1\": \"Cuaderno de Trabajo\", \"2\": \"Recursos Digitales\", \"3\": \"Acceso a página de ejercicios\", \"4\": \"Reconocimiento con valor curricular\"}', 1, ' <ul>MÓDULO I INTRODUCCIÓN AL DESARROLLO JAVA EE\r\n	<li>Introducción a las Tecnologías de Aplicación Web</li>\r\n	<li>Comparación de Tecnologías para desarrollo Web ( .net vs jsp vs php vs python vs..)</li>\r\n	<li>Grupos de productos de tecnología java</li>\r\n	<li>Que necesito para programar en java</li>\r\n	<li>Configuración e instalación del jdk</li>\r\n	<li>Presentar las API y los servicios de Java EE</li>\r\n	<li>Contenedores Java EE y los Servidores de Aplicaciones Java</li>\r\n	<li>Configuración e instalación de Apache Tomcat</li>\r\n	<li>Entornos de desarrollo integrado</li>\r\n	<li>Configuración e instalación del IDE eclipse</li>\r\n	<li>Hola Mundo en JSP</li>\r\n</ul>\r\n\r\n\r\n<ul>MÓDULO II VISIÓN GENERAL DE LA TECNOLOGÍA WEB\r\n\r\n	<li>Fundamentos de ingeniería web\r\n		<ul>\r\n			<li>HTML5\r\n				<ul>\r\n					<li>Hipervínculos</li>\r\n					<li>Imágenes</li>\r\n					<li>Listas</li>\r\n					<li>Tablas</li>\r\n					<li>Formularios</li>\r\n					<li>Métodos GET y POST</li>\r\n				</ul>\r\n			</li>\r\n			<li>CSS\r\n				<ul>\r\n					<li>Enlaces a los archivos CSS</li>\r\n					<li>Capas</li>\r\n					<li>Maquetado CSS y DIVs</li>\r\n					<li>Menús con CSS</li>\r\n					<li>Formularios con CSS</li>\r\n				</ul>\r\n			</li>\r\n			<li>JS\r\n				<ul>\r\n					<li>Enlaces a los archivos JS</li>\r\n					<li>Variables y Operadores</li>\r\n					<li>Condicionales</li>\r\n					<li>Funciones</li>\r\n					<li>Eventos</li>\r\n					<li>Formularios</li>\r\n					<li>Ajax/Jquery</li>\r\n				</ul>\r\n			</li>\r\n			<li>Representación de datos\r\n				<ul>\r\n					<li>XML</li>\r\n					<li>JSON</li>\r\n					<li>YAML</li>\r\n				</ul>\r\n			</li>\r\n		</ul>\r\n	</li>\r\n</ul>\r\n\r\n<ul>MÓDULO III PROGRAMACIÓN ORIENTADA A OBJETOS\r\n\r\n	<li>Proceso de compilación</li>\r\n	<li>Programación orientada a objetos</li>\r\n	<li>Objetos y representación de objetos</li>\r\n	<li>Clases en java</li>\r\n	<li>Clases de prueba</li>\r\n	<li>Atributos y acceso a miembros</li>\r\n	<li>Encapsulamiento, setters y getters</li>\r\n	<li>Métodos comportamientos y referencias</li>\r\n	<li>Constructores y sobrecarga de métodos</li>\r\n	<li>Paquetes</li>\r\n	<li>Herencia</li>\r\n</ul>\r\n\r\n\r\n<ul>MÓDULO IV INTRODUCCIÓN A LOS SERVLETS\r\n\r\n	<li>Ciclo de vida del servlet</li>\r\n	<li>Métodos init(), service() y destroy()</li>\r\n	<li>Métodos doGet() y doPost()</li>\r\n	<li>Métodos de las interfaces HttpServletRequest y HttpServletResponse</li>\r\n</ul>\r\n\r\n\r\n<ul>MÓDULO V ELEMENTOS DE JSP\r\n\r\n	<li>Sintaxis y semántica de JSP</li>\r\n	<li>Expresiones y scriplets</li>\r\n	<li>Declaraciones</li>\r\n	<li>Directivas de página\r\n		<ul>\r\n			<li>Objetos implícitos en las JSP</li>\r\n		</ul>\r\n	</li>\r\n	<li>Request</li>\r\n	<li>Response</li>\r\n	<li>pageContextPageContext</li>\r\n	<li>Session</li>\r\n	<li>Application</li>\r\n	<li>out</li>\r\n	<li>Config</li>\r\n	<li>Page</li>\r\n	<li>Exception</li>\r\n	<li>Beans</li>\r\n</ul>\r\n\r\n\r\n<ul>MÓDULO VI ACCESO A LAS BASES DE DATOS\r\n\r\n	<li>SGBD</li>\r\n	<li>DDL</li>\r\n	<li>DML</li>\r\n	<li>JDBC</li>\r\n</ul>\r\n\r\n\r\n<ul>MODULO VII PATRONES DE DISEÑO\r\n\r\n	<li>Arquitectura en capas</li>\r\n	<li>MVC</li>\r\n	<li>DAO-DTO-Interfaces</li>\r\n	<li>Singleton</li>\r\n	<li>Factory</li>\r\n	<li>Facade</li>\r\n	<li>Iterator</li>\r\n</ul>\r\n\r\n\r\n<ul>MÓDULO VIII ELEMENTOS DE JSP\r\n\r\n<li>Taglibs (Etiquetas personalizadas)\r\n	<ul>\r\n		<li>Directiva taglib</li>\r\n		<li>Etiquetas con atributos</li>\r\n		<li>Etiquetas con contenido en el cuerpo</li>\r\n	</ul>\r\n</li>\r\n<li>Cookies\r\n	<ul>\r\n		<li>Creación de cookies</li>\r\n		<li>Guardar información en las cookies</li>\r\n		<li>Recuperar información de las cookies</li>\r\n	</ul>\r\n</li>\r\n<li>Sesiones\r\n	<ul>\r\n		<li>Creación de sesiones</li>\r\n		<li>Guardar y recuperar objetos a partir de sesiones</li>\r\n		<li>Destrucción de sesiones</li>\r\n	</ul>\r\n</li>\r\n<li>Java Standard Tag Library (JSTL)\r\n	<ul>\r\n		<li>Diseñando páginas JSP con la Bibliotecas de Etiquetas Estándar</li>\r\n		<li>Utilizando una Biblioteca Personalizada de Etiquetas en las Páginas JSP</li>\r\n	</ul>\r\n</li>\r\n</ul>\r\n\r\n\r\n<ul>MODULO IX REPORTES\r\n\r\n	<li>Ireport</li>\r\n	<li>Jasper Report</li>\r\n	<li>Integrando informes en la aplicación</li>\r\n</ul>\r\n\r\n\r\n<ul>MODULO X INTRODUCCIÓN AL JPA\r\n\r\n	<li>Entidades</li>\r\n	<li>Campos persistentes y propiedades</li>\r\n	<li>Llaves primarias</li>\r\n	<li>Relaciones</li>\r\n	<li>Multiplicidad en las relaciones</li>\r\n</ul>', '{\n  \"1\": \"Paso 1: Realizar depósito en el banco a la cuenta de: Instituto Tecnológico de Villahermosa, Banamex, 7001-228660. ó Transferencia Bancaria con la CLABE INTERBANCARIA: 002790700102286602\",\n  \"2\": \"Paso 2: Entregar boucher de pago y recibir factura en el departamento de recursos financieros ubicado en el edificio A, planta alta del Instituto Tecnológico de Villahermosa.\",\n  \"3\": \"Paso 3: Entregar la factura generada por el pago del curso en el departamento de Gestión Tecnológica y Vinculación, ubicado en el edificio de Incubadora CIIE, llenar y firmar el formato de inscripción.\",\n  \"4\": \"Te esperamos en el Centro de Incubación el 8 de Septiembre 2019, Recepción 7:30 A.M. \"\n}', 'Teléfono 9933-53-02-59\r\nExt. 200 (Centro de Cómputo) Dr. José Manuel Gómez Zea\r\nExt. 610 (Gestión Tecnológica y Vinculación). Lic. Gisela González Brindis\r\nCorreo electrónico: computo@itvillahermosa.edu.mx', NULL);
UNLOCK TABLES;
COMMIT;
BEGIN;
LOCK TABLES `cursos`.`cur_imagenes` WRITE;
DELETE FROM `cursos`.`cur_imagenes`;
UNLOCK TABLES;
COMMIT;
BEGIN;
LOCK TABLES `cursos`.`cur_instructor` WRITE;
DELETE FROM `cursos`.`cur_instructor`;
INSERT INTO `cursos`.`cur_instructor` (`ins_id`,`ins_titulo`,`ins_nombre`,`ins_paterno`,`ins_materno`,`ins_descripcion`) VALUES (1, 'Dr.', 'José Manuel', 'Gómez', 'Zea', 'El Instructor, es catedrático del Instituto Tecnológico de Villahermosa, pertenece a la Academia de Sistemas y Computación de nivel Licenciatura y Posgrado, tiene un Doctorado en Desarrollo Tecnológico y cuenta con más de 15 años de experiencia en trabajo en la industria de las Tecnologías de la Información, en las áreas de desarrollo, consultoría e implementación de software. ');
UNLOCK TABLES;
COMMIT;
BEGIN;
LOCK TABLES `cursos`.`cur_participante` WRITE;
DELETE FROM `cursos`.`cur_participante`;
UNLOCK TABLES;
COMMIT;
BEGIN;
LOCK TABLES `cursos`.`user` WRITE;
DELETE FROM `cursos`.`user`;
INSERT INTO `cursos`.`user` (`id`,`username`,`auth_key`,`password_hash`,`confirmation_token`,`status`,`superadmin`,`created_at`,`updated_at`,`registration_ip`,`bind_to_ip`,`email`,`email_confirmed`) VALUES (1, 'superadmin', 'kz2px152FAWlkHbkZoCiXgBAd-S8SSjF', '$2y$13$MhlYe12xkGFnSeK0sO2up.Y9kAD9Ct6JS1i9VLP7YAqd1dFsSylz2', NULL, 1, 1, 1426062188, 1426062188, NULL, NULL, NULL, 0),(3, 'eli_05', '8O3m-ANawBuevSyFmEZ-9ZcbQWQoY7MW', '$2y$13$uvw5DRoH0rR98cBZvdTghuc.QIcUPajtVKo7.Ct3UDYPfT1GpOwqO', NULL, 1, 1, 1565115964, 1565115964, '127.0.0.1', '', 'elizabeth050698@gmail.com', 1),(4, 'Lanied', 'qLMQJ1UsxBKDkMcL_zBFmsbv7DvYcke-', '$2y$13$9/zFH0sA6LBA.ncDa8T7Sevgs4lha61fRjcr1vDBtiy0YC/9cqOHG', NULL, 1, 1, 1565115978, 1565115978, '127.0.0.1', '', 'hmaforsiv@gmail.com', 1),(5, 'donal_56', 'GLkNLI_OBc9R6L_m03j1MqE4eu1-q4oW', '$2y$13$Yo5xwfnjclnYRImC52m/A.R6.77ASCXzRXmV7Z3ujZeS5Ti2.GgqO', NULL, 1, 1, 1565116002, 1565116002, '127.0.0.1', '', 'donal_56@hotmail.com', 1);
UNLOCK TABLES;
COMMIT;
BEGIN;
LOCK TABLES `cursos`.`user_visit_log` WRITE;
DELETE FROM `cursos`.`user_visit_log`;
INSERT INTO `cursos`.`user_visit_log` (`id`,`token`,`ip`,`language`,`user_agent`,`user_id`,`visit_time`,`browser`,`os`) VALUES (1, '5cae8867448fc', '127.0.0.1', 'es', 'Mozilla/5.0 (Windows NT 10.0; Win64; x64) AppleWebKit/537.36 (KHTML, like Gecko) Chrome/73.0.3683.103 Safari/537.36', 1, 1554942055, 'Chrome', 'Windows'),(2, '5ce6c3773874d', '127.0.0.1', 'es', 'Mozilla/5.0 (Windows NT 10.0; Win64; x64) AppleWebKit/537.36 (KHTML, like Gecko) Chrome/74.0.3729.157 Safari/537.36', 1, 1558627191, 'Chrome', 'Windows'),(3, '5ce6e11ae8ecf', '127.0.0.1', 'es', 'Mozilla/5.0 (Windows NT 10.0; Win64; x64) AppleWebKit/537.36 (KHTML, like Gecko) Chrome/74.0.3729.157 Safari/537.36', 1, 1558634778, 'Chrome', 'Windows'),(4, '5d4498c5865c1', '127.0.0.1', 'es', 'Mozilla/5.0 (Windows NT 10.0; Win64; x64) AppleWebKit/537.36 (KHTML, like Gecko) Chrome/75.0.3770.142 Safari/537.36', 1, 1564776645, 'Chrome', 'Windows'),(5, '5d45bd445c2fb', '127.0.0.1', 'es', 'Mozilla/5.0 (Windows NT 10.0; Win64; x64) AppleWebKit/537.36 (KHTML, like Gecko) Chrome/75.0.3770.142 Safari/537.36', 1, 1564851524, 'Chrome', 'Windows'),(6, '5d45e15f61432', '127.0.0.1', 'es', 'Mozilla/5.0 (Windows NT 10.0; Win64; x64) AppleWebKit/537.36 (KHTML, like Gecko) Chrome/75.0.3770.142 Safari/537.36', 1, 1564860767, 'Chrome', 'Windows'),(7, '5d460468c9a06', '127.0.0.1', 'es', 'Mozilla/5.0 (Windows NT 10.0; Win64; x64) AppleWebKit/537.36 (KHTML, like Gecko) Chrome/75.0.3770.142 Safari/537.36', 1, 1564869736, 'Chrome', 'Windows'),(8, '5d4607093c5a1', '127.0.0.1', 'es', 'Mozilla/5.0 (Windows NT 10.0; Win64; x64) AppleWebKit/537.36 (KHTML, like Gecko) Chrome/75.0.3770.142 Safari/537.36', 1, 1564870409, 'Chrome', 'Windows'),(9, '5d46f19fa574e', '127.0.0.1', 'es', 'Mozilla/5.0 (Windows NT 10.0; Win64; x64) AppleWebKit/537.36 (KHTML, like Gecko) Chrome/75.0.3770.142 Safari/537.36', 1, 1564930463, 'Chrome', 'Windows'),(10, '5d471f6f04c26', '127.0.0.1', 'es', 'Mozilla/5.0 (Windows NT 10.0; Win64; x64) AppleWebKit/537.36 (KHTML, like Gecko) Chrome/75.0.3770.142 Safari/537.36', 1, 1564942191, 'Chrome', 'Windows'),(11, '5d4747f99e9ec', '127.0.0.1', 'es', 'Mozilla/5.0 (Windows NT 10.0; Win64; x64) AppleWebKit/537.36 (KHTML, like Gecko) Chrome/75.0.3770.142 Safari/537.36', 1, 1564952569, 'Chrome', 'Windows'),(12, '5d47660d5a87f', '127.0.0.1', 'es', 'Mozilla/5.0 (Windows NT 10.0; Win64; x64) AppleWebKit/537.36 (KHTML, like Gecko) Chrome/75.0.3770.142 Safari/537.36', 1, 1564960269, 'Chrome', 'Windows'),(13, '5d479535bafe6', '127.0.0.1', 'es', 'Mozilla/5.0 (Windows NT 10.0; Win64; x64; rv:69.0) Gecko/20100101 Firefox/69.0', 1, 1564972341, 'Firefox', 'Windows'),(14, '5d47eba95e663', '127.0.0.1', 'es', 'Mozilla/5.0 (Windows NT 10.0; Win64; x64; rv:69.0) Gecko/20100101 Firefox/69.0', 1, 1564994473, 'Firefox', 'Windows'),(15, '5d47ebbe1988a', '127.0.0.1', 'es', 'Mozilla/5.0 (Windows NT 10.0; Win64; x64) AppleWebKit/537.36 (KHTML, like Gecko) Chrome/64.0.3282.140 Safari/537.36 Edge/17.17134', 1, 1564994494, 'Edge', 'Windows'),(16, '5d48679f7a313', '127.0.0.1', 'es', 'Mozilla/5.0 (Windows NT 10.0; Win64; x64) AppleWebKit/537.36 (KHTML, like Gecko) Chrome/75.0.3770.142 Safari/537.36', 1, 1565026207, 'Chrome', 'Windows'),(17, '5d486d75eb7d5', '127.0.0.1', 'es', 'Mozilla/5.0 (Windows NT 10.0; Win64; x64) AppleWebKit/537.36 (KHTML, like Gecko) Chrome/75.0.3770.142 Safari/537.36', 1, 1565027701, 'Chrome', 'Windows'),(18, '5d48aa5c08cf1', '127.0.0.1', 'es', 'Mozilla/5.0 (Windows NT 10.0; Win64; x64) AppleWebKit/537.36 (KHTML, like Gecko) Chrome/75.0.3770.142 Safari/537.36', 1, 1565043292, 'Chrome', 'Windows'),(19, '5d48b02a0ced8', '127.0.0.1', 'es', 'Mozilla/5.0 (Windows NT 10.0; Win64; x64) AppleWebKit/537.36 (KHTML, like Gecko) Chrome/75.0.3770.142 Safari/537.36', 1, 1565044778, 'Chrome', 'Windows'),(20, '5d49086e06616', '127.0.0.1', 'es', 'Mozilla/5.0 (Windows NT 10.0; Win64; x64) AppleWebKit/537.36 (KHTML, like Gecko) Chrome/75.0.3770.142 Safari/537.36', 1, 1565067374, 'Chrome', 'Windows'),(21, '5d49146bb3ffc', '127.0.0.1', 'es', 'Mozilla/5.0 (Windows NT 10.0; Win64; x64) AppleWebKit/537.36 (KHTML, like Gecko) Chrome/75.0.3770.142 Safari/537.36', 1, 1565070443, 'Chrome', 'Windows'),(22, '5d49249a90b17', '127.0.0.1', 'es', 'Mozilla/5.0 (Windows NT 10.0; Win64; x64) AppleWebKit/537.36 (KHTML, like Gecko) Chrome/75.0.3770.142 Safari/537.36', 1, 1565074586, 'Chrome', 'Windows'),(23, '5d49269258328', '127.0.0.1', 'es', 'Mozilla/5.0 (Windows NT 10.0; Win64; x64) AppleWebKit/537.36 (KHTML, like Gecko) Chrome/75.0.3770.142 Safari/537.36', 1, 1565075090, 'Chrome', 'Windows'),(24, '5d492720cbc74', '127.0.0.1', 'es', 'Mozilla/5.0 (Windows NT 10.0; Win64; x64) AppleWebKit/537.36 (KHTML, like Gecko) Chrome/75.0.3770.142 Safari/537.36', 1, 1565075232, 'Chrome', 'Windows'),(25, '5d498e4e24b27', '127.0.0.1', 'es', 'Mozilla/5.0 (Windows NT 10.0; Win64; x64) AppleWebKit/537.36 (KHTML, like Gecko) Chrome/75.0.3770.142 Safari/537.36', 1, 1565101646, 'Chrome', 'Windows'),(26, '5d49901890e69', '127.0.0.1', 'es', 'Mozilla/5.0 (Windows NT 10.0; Win64; x64) AppleWebKit/537.36 (KHTML, like Gecko) Chrome/75.0.3770.142 Safari/537.36', 1, 1565102104, 'Chrome', 'Windows'),(27, '5d4999f327d60', '127.0.0.1', 'es', 'Mozilla/5.0 (Windows NT 10.0; Win64; x64) AppleWebKit/537.36 (KHTML, like Gecko) Chrome/75.0.3770.142 Safari/537.36', 1, 1565104627, 'Chrome', 'Windows'),(28, '5d49a0c88215e', '127.0.0.1', 'es', 'Mozilla/5.0 (Windows NT 10.0; Win64; x64) AppleWebKit/537.36 (KHTML, like Gecko) Chrome/75.0.3770.142 Safari/537.36', 1, 1565106376, 'Chrome', 'Windows'),(29, '5d49a824e9361', '127.0.0.1', 'es', 'Mozilla/5.0 (Windows NT 10.0; Win64; x64) AppleWebKit/537.36 (KHTML, like Gecko) Chrome/75.0.3770.142 Safari/537.36', 1, 1565108260, 'Chrome', 'Windows'),(30, '5d49b455971dc', '127.0.0.1', 'es', 'Mozilla/5.0 (Windows NT 10.0; Win64; x64) AppleWebKit/537.36 (KHTML, like Gecko) Chrome/75.0.3770.142 Safari/537.36', 1, 1565111381, 'Chrome', 'Windows'),(31, '5d49c1c61bae5', '127.0.0.1', 'es', 'Mozilla/5.0 (Windows NT 10.0; Win64; x64) AppleWebKit/537.36 (KHTML, like Gecko) Chrome/75.0.3770.142 Safari/537.36', 1, 1565114822, 'Chrome', 'Windows'),(32, '5d49c26467016', '127.0.0.1', 'es', 'Mozilla/5.0 (Windows NT 10.0; Win64; x64) AppleWebKit/537.36 (KHTML, like Gecko) Chrome/75.0.3770.142 Safari/537.36', 1, 1565114980, 'Chrome', 'Windows'),(33, '5d49c53077b10', '127.0.0.1', 'es', 'Mozilla/5.0 (Windows NT 10.0; Win64; x64) AppleWebKit/537.36 (KHTML, like Gecko) Chrome/75.0.3770.142 Safari/537.36', 1, 1565115696, 'Chrome', 'Windows'),(34, '5d49c5cdc76a1', '127.0.0.1', 'es', 'Mozilla/5.0 (Windows NT 10.0; Win64; x64) AppleWebKit/537.36 (KHTML, like Gecko) Chrome/75.0.3770.142 Safari/537.36', 1, 1565115853, 'Chrome', 'Windows'),(35, '5d49c663e5112', '127.0.0.1', 'es', 'Mozilla/5.0 (Windows NT 10.0; Win64; x64) AppleWebKit/537.36 (KHTML, like Gecko) Chrome/75.0.3770.142 Safari/537.36', 4, 1565116003, 'Chrome', 'Windows'),(36, '5d49c672b959c', '127.0.0.1', 'es', 'Mozilla/5.0 (Windows NT 10.0; Win64; x64) AppleWebKit/537.36 (KHTML, like Gecko) Chrome/75.0.3770.142 Safari/537.36', 3, 1565116018, 'Chrome', 'Windows'),(37, '5d49c69265846', '127.0.0.1', 'es', 'Mozilla/5.0 (Windows NT 10.0; Win64; x64) AppleWebKit/537.36 (KHTML, like Gecko) Chrome/75.0.3770.142 Safari/537.36', 4, 1565116050, 'Chrome', 'Windows'),(38, '5d49c6a32a7c4', '127.0.0.1', 'es', 'Mozilla/5.0 (Windows NT 10.0; Win64; x64) AppleWebKit/537.36 (KHTML, like Gecko) Chrome/75.0.3770.142 Safari/537.36', 1, 1565116067, 'Chrome', 'Windows'),(39, '5d49c6e47270d', '127.0.0.1', 'es', 'Mozilla/5.0 (Windows NT 10.0; Win64; x64) AppleWebKit/537.36 (KHTML, like Gecko) Chrome/75.0.3770.142 Safari/537.36', 4, 1565116132, 'Chrome', 'Windows'),(40, '5d49c6f20bfa2', '127.0.0.1', 'es', 'Mozilla/5.0 (Windows NT 10.0; Win64; x64) AppleWebKit/537.36 (KHTML, like Gecko) Chrome/75.0.3770.142 Safari/537.36', 3, 1565116146, 'Chrome', 'Windows'),(41, '5d49c73f62ab6', '127.0.0.1', 'es', 'Mozilla/5.0 (Windows NT 10.0; Win64; x64) AppleWebKit/537.36 (KHTML, like Gecko) Chrome/75.0.3770.142 Safari/537.36', 4, 1565116223, 'Chrome', 'Windows'),(42, '5d49c7400e3a8', '127.0.0.1', 'es', 'Mozilla/5.0 (Windows NT 10.0; Win64; x64) AppleWebKit/537.36 (KHTML, like Gecko) Chrome/75.0.3770.142 Safari/537.36', 1, 1565116224, 'Chrome', 'Windows'),(43, '5d49c7bd6f025', '127.0.0.1', 'es', 'Mozilla/5.0 (Windows NT 10.0; Win64; x64) AppleWebKit/537.36 (KHTML, like Gecko) Chrome/75.0.3770.142 Safari/537.36', 4, 1565116349, 'Chrome', 'Windows'),(44, '5d49c81b02b0b', '127.0.0.1', 'es', 'Mozilla/5.0 (Windows NT 10.0; Win64; x64) AppleWebKit/537.36 (KHTML, like Gecko) Chrome/75.0.3770.142 Safari/537.36', 3, 1565116443, 'Chrome', 'Windows'),(45, '5d49c9635fca0', '127.0.0.1', 'es', 'Mozilla/5.0 (Windows NT 10.0; Win64; x64) AppleWebKit/537.36 (KHTML, like Gecko) Chrome/75.0.3770.142 Safari/537.36', 4, 1565116771, 'Chrome', 'Windows'),(46, '5d49c97709ed2', '127.0.0.1', 'es', 'Mozilla/5.0 (Windows NT 10.0; Win64; x64) AppleWebKit/537.36 (KHTML, like Gecko) Chrome/75.0.3770.142 Safari/537.36', 1, 1565116791, 'Chrome', 'Windows'),(47, '5d49c9cb8e2ce', '127.0.0.1', 'es', 'Mozilla/5.0 (Windows NT 10.0; Win64; x64) AppleWebKit/537.36 (KHTML, like Gecko) Chrome/75.0.3770.142 Safari/537.36', 1, 1565116875, 'Chrome', 'Windows'),(48, '5d49c9c9f2fd4', '127.0.0.1', 'es', 'Mozilla/5.0 (Windows NT 10.0; Win64; x64) AppleWebKit/537.36 (KHTML, like Gecko) Chrome/75.0.3770.142 Safari/537.36', 3, 1565116873, 'Chrome', 'Windows'),(49, '5d4a5df3d21d4', '127.0.0.1', 'es', 'Mozilla/5.0 (Windows NT 10.0; Win64; x64) AppleWebKit/537.36 (KHTML, like Gecko) Chrome/75.0.3770.142 Safari/537.36', 1, 1565154803, 'Chrome', 'Windows'),(50, '5d4ae277adfa1', '127.0.0.1', 'es', 'Mozilla/5.0 (Windows NT 10.0; Win64; x64) AppleWebKit/537.36 (KHTML, like Gecko) Chrome/75.0.3770.142 Safari/537.36', 1, 1565188727, 'Chrome', 'Windows'),(51, '5d4aec1d5e5be', '127.0.0.1', 'es', 'Mozilla/5.0 (Windows NT 10.0; Win64; x64; rv:69.0) Gecko/20100101 Firefox/69.0', 5, 1565191197, 'Firefox', 'Windows'),(52, '5d4aec58cf514', '127.0.0.1', 'es', 'Mozilla/5.0 (Windows NT 10.0; Win64; x64) AppleWebKit/537.36 (KHTML, like Gecko) Chrome/75.0.3770.142 Safari/537.36', 3, 1565191256, 'Chrome', 'Windows'),(53, '5d4b02628a8b4', '127.0.0.1', 'es', 'Mozilla/5.0 (Windows NT 10.0; Win64; x64) AppleWebKit/537.36 (KHTML, like Gecko) Chrome/75.0.3770.142 Safari/537.36', 1, 1565196898, 'Chrome', 'Windows'),(54, '5d4b02963ac5a', '127.0.0.1', 'es', 'Mozilla/5.0 (Windows NT 10.0; Win64; x64) AppleWebKit/537.36 (KHTML, like Gecko) Chrome/75.0.3770.142 Safari/537.36', 3, 1565196950, 'Chrome', 'Windows'),(55, '5d4b057bd6260', '127.0.0.1', 'es', 'Mozilla/5.0 (Windows NT 10.0; Win64; x64) AppleWebKit/537.36 (KHTML, like Gecko) Chrome/75.0.3770.142 Safari/537.36', 1, 1565197691, 'Chrome', 'Windows'),(56, '5d4b14e122cfa', '127.0.0.1', 'es', 'Mozilla/5.0 (Windows NT 10.0; Win64; x64; rv:69.0) Gecko/20100101 Firefox/69.0', 5, 1565201633, 'Firefox', 'Windows'),(57, '5d4b1ba3d0c83', '127.0.0.1', 'es', 'Mozilla/5.0 (Windows NT 10.0; Win64; x64) AppleWebKit/537.36 (KHTML, like Gecko) Chrome/75.0.3770.142 Safari/537.36', 1, 1565203363, 'Chrome', 'Windows'),(58, '5d4c38005d4e2', '127.0.0.1', 'es', 'Mozilla/5.0 (Windows NT 10.0; Win64; x64) AppleWebKit/537.36 (KHTML, like Gecko) Chrome/75.0.3770.142 Safari/537.36', 1, 1565276160, 'Chrome', 'Windows'),(59, '5d4c380689d88', '127.0.0.1', 'es', 'Mozilla/5.0 (Windows NT 10.0; Win64; x64) AppleWebKit/537.36 (KHTML, like Gecko) Chrome/75.0.3770.142 Safari/537.36', 3, 1565276166, 'Chrome', 'Windows'),(60, '5d4c637cc77c6', '127.0.0.1', 'es', 'Mozilla/5.0 (Windows NT 10.0; Win64; x64) AppleWebKit/537.36 (KHTML, like Gecko) Chrome/75.0.3770.142 Safari/537.36', 3, 1565287292, 'Chrome', 'Windows'),(61, '5d4c671518c8b', '127.0.0.1', 'es', 'Mozilla/5.0 (Windows NT 10.0; Win64; x64) AppleWebKit/537.36 (KHTML, like Gecko) Chrome/75.0.3770.142 Safari/537.36', 3, 1565288213, 'Chrome', 'Windows'),(62, '5d4c6898ec1cf', '127.0.0.1', 'es', 'Mozilla/5.0 (Windows NT 10.0; Win64; x64) AppleWebKit/537.36 (KHTML, like Gecko) Chrome/75.0.3770.142 Safari/537.36', 3, 1565288600, 'Chrome', 'Windows'),(63, '5d4cbfcbd7be0', '127.0.0.1', 'es', 'Mozilla/5.0 (Windows NT 10.0; Win64; x64) AppleWebKit/537.36 (KHTML, like Gecko) Chrome/76.0.3809.100 Safari/537.36', 1, 1565310923, 'Chrome', 'Windows'),(64, '5d4d30b08af8a', '127.0.0.1', 'es', 'Mozilla/5.0 (Windows NT 10.0; Win64; x64) AppleWebKit/537.36 (KHTML, like Gecko) Chrome/76.0.3809.100 Safari/537.36', 1, 1565339824, 'Chrome', 'Windows'),(65, '5d4d55001e14d', '127.0.0.1', 'es', 'Mozilla/5.0 (Windows NT 10.0; Win64; x64) AppleWebKit/537.36 (KHTML, like Gecko) Chrome/76.0.3809.100 Safari/537.36', 1, 1565349120, 'Chrome', 'Windows'),(66, '5d4d81a87df95', '127.0.0.1', 'es', 'Mozilla/5.0 (Windows NT 10.0; Win64; x64) AppleWebKit/537.36 (KHTML, like Gecko) Chrome/76.0.3809.100 Safari/537.36', 1, 1565360552, 'Chrome', 'Windows'),(67, '5d4d86cd26090', '127.0.0.1', 'es', 'Mozilla/5.0 (Windows NT 10.0; Win64; x64) AppleWebKit/537.36 (KHTML, like Gecko) Chrome/76.0.3809.100 Safari/537.36', 1, 1565361869, 'Chrome', 'Windows'),(68, '5d4d8b213cba6', '127.0.0.1', 'es', 'Mozilla/5.0 (Windows NT 10.0; Win64; x64) AppleWebKit/537.36 (KHTML, like Gecko) Chrome/76.0.3809.100 Safari/537.36', 3, 1565362977, 'Chrome', 'Windows'),(69, '5d4d93adcce67', '127.0.0.1', 'es', 'Mozilla/5.0 (Windows NT 10.0; Win64; x64) AppleWebKit/537.36 (KHTML, like Gecko) Chrome/76.0.3809.100 Safari/537.36', 1, 1565365165, 'Chrome', 'Windows'),(70, '5d4d9ea8c0e66', '127.0.0.1', 'es', 'Mozilla/5.0 (Windows NT 10.0; Win64; x64) AppleWebKit/537.36 (KHTML, like Gecko) Chrome/76.0.3809.100 Safari/537.36', 3, 1565367976, 'Chrome', 'Windows'),(71, '5d4da09a98522', '127.0.0.1', 'es', 'Mozilla/5.0 (Windows NT 10.0; Win64; x64) AppleWebKit/537.36 (KHTML, like Gecko) Chrome/76.0.3809.100 Safari/537.36', 1, 1565368474, 'Chrome', 'Windows'),(72, '5d4da3ce13882', '127.0.0.1', 'es', 'Mozilla/5.0 (Windows NT 10.0; Win64; x64) AppleWebKit/537.36 (KHTML, like Gecko) Chrome/76.0.3809.100 Safari/537.36', 1, 1565369294, 'Chrome', 'Windows'),(73, '5d4da77ee7646', '127.0.0.1', 'es', 'Mozilla/5.0 (Windows NT 10.0; Win64; x64) AppleWebKit/537.36 (KHTML, like Gecko) Chrome/76.0.3809.100 Safari/537.36', 1, 1565370238, 'Chrome', 'Windows'),(74, '5d4fbae759eac', '127.0.0.1', 'es', 'Mozilla/5.0 (Windows NT 10.0; Win64; x64) AppleWebKit/537.36 (KHTML, like Gecko) Chrome/76.0.3809.100 Safari/537.36', 1, 1565506279, 'Chrome', 'Windows'),(75, '5d4fbe3d9210b', '127.0.0.1', 'es', 'Mozilla/5.0 (Windows NT 10.0; Win64; x64) AppleWebKit/537.36 (KHTML, like Gecko) Chrome/76.0.3809.100 Safari/537.36', 1, 1565507133, 'Chrome', 'Windows'),(76, '5d4fc3f0371af', '127.0.0.1', 'es', 'Mozilla/5.0 (Windows NT 10.0; Win64; x64) AppleWebKit/537.36 (KHTML, like Gecko) Chrome/76.0.3809.100 Safari/537.36', 4, 1565508592, 'Chrome', 'Windows'),(77, '5d4fc7ccceae9', '127.0.0.1', 'es', 'Mozilla/5.0 (Windows NT 10.0; Win64; x64) AppleWebKit/537.36 (KHTML, like Gecko) Chrome/76.0.3809.100 Safari/537.36', 4, 1565509580, 'Chrome', 'Windows'),(78, '5d50640e6348b', '127.0.0.1', 'es', 'Mozilla/5.0 (Windows NT 10.0; Win64; x64) AppleWebKit/537.36 (KHTML, like Gecko) Chrome/76.0.3809.100 Safari/537.36', 4, 1565549582, 'Chrome', 'Windows'),(79, '5d510427f02b1', '127.0.0.1', 'es', 'Mozilla/5.0 (Windows NT 10.0; Win64; x64) AppleWebKit/537.36 (KHTML, like Gecko) Chrome/76.0.3809.100 Safari/537.36', 4, 1565590568, 'Chrome', 'Windows'),(80, '5d51807c3b493', '127.0.0.1', 'es', 'Mozilla/5.0 (Windows NT 10.0; Win64; x64) AppleWebKit/537.36 (KHTML, like Gecko) Chrome/76.0.3809.100 Safari/537.36', 4, 1565622396, 'Chrome', 'Windows'),(81, '5d5187d209e7e', '127.0.0.1', 'es', 'Mozilla/5.0 (Windows NT 10.0; Win64; x64) AppleWebKit/537.36 (KHTML, like Gecko) Chrome/76.0.3809.100 Safari/537.36', 3, 1565624274, 'Chrome', 'Windows'),(82, '5d51897d6a040', '127.0.0.1', 'es', 'Mozilla/5.0 (Windows NT 10.0; Win64; x64) AppleWebKit/537.36 (KHTML, like Gecko) Chrome/76.0.3809.100 Safari/537.36', 3, 1565624701, 'Chrome', 'Windows'),(83, '5d5189bac039b', '127.0.0.1', 'es', 'Mozilla/5.0 (Windows NT 10.0; Win64; x64) AppleWebKit/537.36 (KHTML, like Gecko) Chrome/76.0.3809.100 Safari/537.36', 1, 1565624762, 'Chrome', 'Windows'),(84, '5d518a5899c1c', '127.0.0.1', 'es', 'Mozilla/5.0 (Windows NT 10.0; Win64; x64) AppleWebKit/537.36 (KHTML, like Gecko) Chrome/76.0.3809.100 Safari/537.36', 3, 1565624920, 'Chrome', 'Windows'),(85, '5d518a9277153', '127.0.0.1', 'es', 'Mozilla/5.0 (Windows NT 10.0; Win64; x64) AppleWebKit/537.36 (KHTML, like Gecko) Chrome/76.0.3809.100 Safari/537.36', 1, 1565624978, 'Chrome', 'Windows'),(86, '5d518c547dcbd', '127.0.0.1', 'es', 'Mozilla/5.0 (Windows NT 10.0; Win64; x64) AppleWebKit/537.36 (KHTML, like Gecko) Chrome/76.0.3809.100 Safari/537.36', 3, 1565625428, 'Chrome', 'Windows'),(87, '5d518ca5628cc', '127.0.0.1', 'es', 'Mozilla/5.0 (Windows NT 10.0; Win64; x64) AppleWebKit/537.36 (KHTML, like Gecko) Chrome/76.0.3809.100 Safari/537.36', 1, 1565625509, 'Chrome', 'Windows'),(88, '5d51905080b4f', '127.0.0.1', 'es', 'Mozilla/5.0 (Windows NT 10.0; Win64; x64) AppleWebKit/537.36 (KHTML, like Gecko) Chrome/76.0.3809.100 Safari/537.36', 3, 1565626448, 'Chrome', 'Windows'),(89, '5d51906c9a121', '127.0.0.1', 'es', 'Mozilla/5.0 (Windows NT 10.0; Win64; x64) AppleWebKit/537.36 (KHTML, like Gecko) Chrome/76.0.3809.100 Safari/537.36', 1, 1565626476, 'Chrome', 'Windows'),(90, '5d5193dbb4514', '127.0.0.1', 'es', 'Mozilla/5.0 (Windows NT 10.0; Win64; x64) AppleWebKit/537.36 (KHTML, like Gecko) Chrome/76.0.3809.100 Safari/537.36', 3, 1565627355, 'Chrome', 'Windows'),(91, '5d5194177eac0', '127.0.0.1', 'es', 'Mozilla/5.0 (Windows NT 10.0; Win64; x64) AppleWebKit/537.36 (KHTML, like Gecko) Chrome/76.0.3809.100 Safari/537.36', 1, 1565627415, 'Chrome', 'Windows'),(92, '5d51965534ac1', '127.0.0.1', 'es', 'Mozilla/5.0 (Windows NT 10.0; Win64; x64) AppleWebKit/537.36 (KHTML, like Gecko) Chrome/76.0.3809.100 Safari/537.36', 3, 1565627989, 'Chrome', 'Windows'),(93, '5d51968f615bc', '127.0.0.1', 'es', 'Mozilla/5.0 (Windows NT 10.0; Win64; x64) AppleWebKit/537.36 (KHTML, like Gecko) Chrome/76.0.3809.100 Safari/537.36', 1, 1565628047, 'Chrome', 'Windows'),(94, '5d5196f4c9d4a', '127.0.0.1', 'es', 'Mozilla/5.0 (Windows NT 10.0; Win64; x64) AppleWebKit/537.36 (KHTML, like Gecko) Chrome/76.0.3809.100 Safari/537.36', 3, 1565628148, 'Chrome', 'Windows'),(95, '5d519b1d2492e', '127.0.0.1', 'es', 'Mozilla/5.0 (Windows NT 10.0; Win64; x64) AppleWebKit/537.36 (KHTML, like Gecko) Chrome/76.0.3809.100 Safari/537.36', 3, 1565629213, 'Chrome', 'Windows'),(96, '5d519b679c36f', '127.0.0.1', 'es', 'Mozilla/5.0 (Windows NT 10.0; Win64; x64) AppleWebKit/537.36 (KHTML, like Gecko) Chrome/76.0.3809.100 Safari/537.36', 3, 1565629287, 'Chrome', 'Windows'),(97, '5d51a802e4dbe', '127.0.0.1', 'es', 'Mozilla/5.0 (Windows NT 10.0; Win64; x64) AppleWebKit/537.36 (KHTML, like Gecko) Chrome/76.0.3809.100 Safari/537.36', 3, 1565632514, 'Chrome', 'Windows'),(98, '5d51ab4d037fb', '127.0.0.1', 'es', 'Mozilla/5.0 (Windows NT 10.0; Win64; x64) AppleWebKit/537.36 (KHTML, like Gecko) Chrome/76.0.3809.100 Safari/537.36', 3, 1565633357, 'Chrome', 'Windows'),(99, '5d51ac5ccfe0c', '127.0.0.1', 'es', 'Mozilla/5.0 (Windows NT 10.0; Win64; x64) AppleWebKit/537.36 (KHTML, like Gecko) Chrome/76.0.3809.100 Safari/537.36', 3, 1565633628, 'Chrome', 'Windows'),(100, '5d51ad4643338', '127.0.0.1', 'es', 'Mozilla/5.0 (Windows NT 10.0; Win64; x64) AppleWebKit/537.36 (KHTML, like Gecko) Chrome/76.0.3809.100 Safari/537.36', 1, 1565633862, 'Chrome', 'Windows'),(101, '5d51ad6e196a4', '127.0.0.1', 'es', 'Mozilla/5.0 (Windows NT 10.0; Win64; x64) AppleWebKit/537.36 (KHTML, like Gecko) Chrome/76.0.3809.100 Safari/537.36', 3, 1565633902, 'Chrome', 'Windows'),(102, '5d51af001726f', '127.0.0.1', 'es', 'Mozilla/5.0 (Windows NT 10.0; Win64; x64) AppleWebKit/537.36 (KHTML, like Gecko) Chrome/76.0.3809.100 Safari/537.36', 3, 1565634304, 'Chrome', 'Windows'),(103, '5d51f5431a346', '127.0.0.1', 'es', 'Mozilla/5.0 (Windows NT 10.0; Win64; x64) AppleWebKit/537.36 (KHTML, like Gecko) Chrome/76.0.3809.100 Safari/537.36', 3, 1565652291, 'Chrome', 'Windows'),(104, '5d51f7f6141d1', '127.0.0.1', 'es', 'Mozilla/5.0 (Windows NT 10.0; Win64; x64) AppleWebKit/537.36 (KHTML, like Gecko) Chrome/76.0.3809.100 Safari/537.36', 1, 1565652982, 'Chrome', 'Windows'),(105, '5d51f83fe5368', '127.0.0.1', 'es', 'Mozilla/5.0 (Windows NT 10.0; Win64; x64) AppleWebKit/537.36 (KHTML, like Gecko) Chrome/76.0.3809.100 Safari/537.36', 3, 1565653055, 'Chrome', 'Windows'),(106, '5d51ff7c2a60c', '127.0.0.1', 'es', 'Mozilla/5.0 (Windows NT 10.0; Win64; x64) AppleWebKit/537.36 (KHTML, like Gecko) Chrome/76.0.3809.100 Safari/537.36', 3, 1565654908, 'Chrome', 'Windows'),(107, '5d5200000513f', '127.0.0.1', 'es', 'Mozilla/5.0 (Windows NT 10.0; Win64; x64) AppleWebKit/537.36 (KHTML, like Gecko) Chrome/76.0.3809.100 Safari/537.36', 1, 1565655040, 'Chrome', 'Windows'),(108, '5d52003f125b7', '127.0.0.1', 'es', 'Mozilla/5.0 (Windows NT 10.0; Win64; x64) AppleWebKit/537.36 (KHTML, like Gecko) Chrome/76.0.3809.100 Safari/537.36', 3, 1565655103, 'Chrome', 'Windows'),(109, '5d52022dcfb43', '127.0.0.1', 'es', 'Mozilla/5.0 (Windows NT 10.0; Win64; x64) AppleWebKit/537.36 (KHTML, like Gecko) Chrome/76.0.3809.100 Safari/537.36', 3, 1565655597, 'Chrome', 'Windows'),(110, '5d520f2fcfd89', '127.0.0.1', 'es', 'Mozilla/5.0 (Windows NT 10.0; Win64; x64) AppleWebKit/537.36 (KHTML, like Gecko) Chrome/76.0.3809.100 Safari/537.36', 3, 1565658927, 'Chrome', 'Windows'),(111, '5d52d244a1ba5', '127.0.0.1', 'es', 'Mozilla/5.0 (Windows NT 10.0; Win64; x64) AppleWebKit/537.36 (KHTML, like Gecko) Chrome/76.0.3809.100 Safari/537.36', 3, 1565708868, 'Chrome', 'Windows'),(112, '5d52d26ed6ee2', '127.0.0.1', 'es', 'Mozilla/5.0 (Windows NT 10.0; Win64; x64) AppleWebKit/537.36 (KHTML, like Gecko) Chrome/76.0.3809.100 Safari/537.36', 1, 1565708910, 'Chrome', 'Windows'),(113, '5d52d2977b78d', '127.0.0.1', 'es', 'Mozilla/5.0 (Windows NT 10.0; Win64; x64) AppleWebKit/537.36 (KHTML, like Gecko) Chrome/76.0.3809.100 Safari/537.36', 3, 1565708951, 'Chrome', 'Windows'),(114, '5d52d2efb028c', '127.0.0.1', 'es', 'Mozilla/5.0 (Windows NT 10.0; Win64; x64) AppleWebKit/537.36 (KHTML, like Gecko) Chrome/76.0.3809.100 Safari/537.36', 1, 1565709039, 'Chrome', 'Windows'),(115, '5d52dc3781158', '127.0.0.1', 'es', 'Mozilla/5.0 (Windows NT 10.0; Win64; x64) AppleWebKit/537.36 (KHTML, like Gecko) Chrome/76.0.3809.100 Safari/537.36', 1, 1565711415, 'Chrome', 'Windows'),(116, '5d52dcb931ef8', '127.0.0.1', 'es', 'Mozilla/5.0 (Windows NT 10.0; Win64; x64) AppleWebKit/537.36 (KHTML, like Gecko) Chrome/76.0.3809.100 Safari/537.36', 1, 1565711545, 'Chrome', 'Windows'),(117, '5d52dd2ae4fbd', '127.0.0.1', 'es', 'Mozilla/5.0 (Windows NT 10.0; Win64; x64) AppleWebKit/537.36 (KHTML, like Gecko) Chrome/76.0.3809.100 Safari/537.36', 3, 1565711658, 'Chrome', 'Windows'),(118, '5d52ddff66a10', '127.0.0.1', 'es', 'Mozilla/5.0 (Windows NT 10.0; Win64; x64) AppleWebKit/537.36 (KHTML, like Gecko) Chrome/76.0.3809.100 Safari/537.36', 3, 1565711871, 'Chrome', 'Windows'),(119, '5d52e36de309a', '127.0.0.1', 'es', 'Mozilla/5.0 (Windows NT 10.0; Win64; x64) AppleWebKit/537.36 (KHTML, like Gecko) Chrome/76.0.3809.100 Safari/537.36', 4, 1565713262, 'Chrome', 'Windows'),(120, '5d52eff0421a8', '127.0.0.1', 'es', 'Mozilla/5.0 (Windows NT 10.0; Win64; x64) AppleWebKit/537.36 (KHTML, like Gecko) Chrome/76.0.3809.100 Safari/537.36', 4, 1565716464, 'Chrome', 'Windows'),(121, '5d52f0f58dc71', '127.0.0.1', 'es', 'Mozilla/5.0 (Windows NT 10.0; Win64; x64) AppleWebKit/537.36 (KHTML, like Gecko) Chrome/76.0.3809.100 Safari/537.36', 3, 1565716725, 'Chrome', 'Windows'),(122, '5d52f13712446', '127.0.0.1', 'es', 'Mozilla/5.0 (Windows NT 10.0; Win64; x64) AppleWebKit/537.36 (KHTML, like Gecko) Chrome/76.0.3809.100 Safari/537.36', 1, 1565716791, 'Chrome', 'Windows'),(123, '5d52f37da5650', '127.0.0.1', 'es', 'Mozilla/5.0 (Windows NT 10.0; Win64; x64) AppleWebKit/537.36 (KHTML, like Gecko) Chrome/76.0.3809.100 Safari/537.36', 3, 1565717373, 'Chrome', 'Windows'),(124, '5d5304fc7f868', '127.0.0.1', 'es', 'Mozilla/5.0 (Windows NT 10.0; Win64; x64) AppleWebKit/537.36 (KHTML, like Gecko) Chrome/76.0.3809.100 Safari/537.36', 4, 1565721852, 'Chrome', 'Windows'),(125, '5d535062dd8f2', '127.0.0.1', 'es', 'Mozilla/5.0 (Windows NT 10.0; Win64; x64) AppleWebKit/537.36 (KHTML, like Gecko) Chrome/76.0.3809.100 Safari/537.36', 1, 1565741154, 'Chrome', 'Windows'),(126, '5d5350ba6b30b', '127.0.0.1', 'es', 'Mozilla/5.0 (Windows NT 10.0; Win64; x64) AppleWebKit/537.36 (KHTML, like Gecko) Chrome/76.0.3809.100 Safari/537.36', 4, 1565741242, 'Chrome', 'Windows'),(127, '5d53592f87591', '127.0.0.1', 'es', 'Mozilla/5.0 (Windows NT 10.0; Win64; x64) AppleWebKit/537.36 (KHTML, like Gecko) Chrome/76.0.3809.100 Safari/537.36', 3, 1565743407, 'Chrome', 'Windows'),(128, '5d53bde9371d8', '127.0.0.1', 'es', 'Mozilla/5.0 (Windows NT 10.0; Win64; x64) AppleWebKit/537.36 (KHTML, like Gecko) Chrome/76.0.3809.100 Safari/537.36', 1, 1565769193, 'Chrome', 'Windows'),(129, '5d543dbc8ce4e', '127.0.0.1', 'es', 'Mozilla/5.0 (Windows NT 10.0; Win64; x64) AppleWebKit/537.36 (KHTML, like Gecko) Chrome/76.0.3809.100 Safari/537.36', 4, 1565801916, 'Chrome', 'Windows'),(130, '5d54f273e7366', '127.0.0.1', 'es', 'Mozilla/5.0 (Windows NT 10.0; Win64; x64) AppleWebKit/537.36 (KHTML, like Gecko) Chrome/76.0.3809.100 Safari/537.36', 4, 1565848180, 'Chrome', 'Windows'),(131, '5d55a585f14f6', '127.0.0.1', 'es', 'Mozilla/5.0 (Windows NT 10.0; Win64; x64) AppleWebKit/537.36 (KHTML, like Gecko) Chrome/76.0.3809.100 Safari/537.36', 4, 1565894022, 'Chrome', 'Windows'),(132, '5d55a97b05b8d', '127.0.0.1', 'es', 'Mozilla/5.0 (Windows NT 10.0; Win64; x64) AppleWebKit/537.36 (KHTML, like Gecko) Chrome/76.0.3809.100 Safari/537.36', 4, 1565895035, 'Chrome', 'Windows'),(133, '5d561f31a9050', '127.0.0.1', 'es', 'Mozilla/5.0 (Windows NT 10.0; Win64; x64) AppleWebKit/537.36 (KHTML, like Gecko) Chrome/76.0.3809.100 Safari/537.36', 4, 1565925169, 'Chrome', 'Windows'),(134, '5d56d4d55647a', '127.0.0.1', 'es', 'Mozilla/5.0 (Windows NT 10.0; Win64; x64; rv:69.0) Gecko/20100101 Firefox/69.0', 1, 1565971669, 'Firefox', 'Windows'),(135, '5d56da438e891', '127.0.0.1', 'es', 'Mozilla/5.0 (Windows NT 10.0; Win64; x64; rv:69.0) Gecko/20100101 Firefox/69.0', 1, 1565973059, 'Firefox', 'Windows'),(136, '5d56e1ac79316', '127.0.0.1', 'es', 'Mozilla/5.0 (Windows NT 10.0; Win64; x64; rv:69.0) Gecko/20100101 Firefox/69.0', 1, 1565974956, 'Firefox', 'Windows'),(137, '5d56e2d9efc58', '127.0.0.1', 'es', 'Mozilla/5.0 (Windows NT 10.0; Win64; x64; rv:69.0) Gecko/20100101 Firefox/69.0', 1, 1565975257, 'Firefox', 'Windows'),(138, '5d56e621139ad', '127.0.0.1', 'es', 'Mozilla/5.0 (Windows NT 10.0; Win64; x64) AppleWebKit/537.36 (KHTML, like Gecko) Chrome/76.0.3809.100 Safari/537.36', 1, 1565976097, 'Chrome', 'Windows'),(139, '5d56e8a8a5b7d', '127.0.0.1', 'es', 'Mozilla/5.0 (Windows NT 10.0; Win64; x64) AppleWebKit/537.36 (KHTML, like Gecko) Chrome/76.0.3809.100 Safari/537.36', 1, 1565976744, 'Chrome', 'Windows'),(140, '5d56f8fad7559', '127.0.0.1', 'es', 'Mozilla/5.0 (Windows NT 10.0; Win64; x64) AppleWebKit/537.36 (KHTML, like Gecko) Chrome/76.0.3809.100 Safari/537.36', 1, 1565980922, 'Chrome', 'Windows'),(141, '5d56f9cb3b3bc', '127.0.0.1', 'es', 'Mozilla/5.0 (Windows NT 10.0; Win64; x64) AppleWebKit/537.36 (KHTML, like Gecko) Chrome/76.0.3809.100 Safari/537.36', 4, 1565981131, 'Chrome', 'Windows'),(142, '5d5795115b5c3', '127.0.0.1', 'es', 'Mozilla/5.0 (Windows NT 10.0; Win64; x64) AppleWebKit/537.36 (KHTML, like Gecko) Chrome/76.0.3809.100 Safari/537.36', 4, 1566020881, 'Chrome', 'Windows'),(143, '5d58737bcbef4', '127.0.0.1', 'es', 'Mozilla/5.0 (Windows NT 10.0; Win64; x64) AppleWebKit/537.36 (KHTML, like Gecko) Chrome/76.0.3809.100 Safari/537.36', 4, 1566077819, 'Chrome', 'Windows'),(144, '5d5adf55b80c3', '127.0.0.1', 'es', 'Mozilla/5.0 (Windows NT 10.0; Win64; x64) AppleWebKit/537.36 (KHTML, like Gecko) Chrome/76.0.3809.100 Safari/537.36', 4, 1566236501, 'Chrome', 'Windows'),(145, '5d5c62542dc66', '127.0.0.1', 'es', 'Mozilla/5.0 (Windows NT 10.0; Win64; x64; rv:69.0) Gecko/20100101 Firefox/69.0', 1, 1566335572, 'Firefox', 'Windows'),(146, '5d5c644e8814c', '127.0.0.1', 'es', 'Mozilla/5.0 (Windows NT 10.0; Win64; x64; rv:69.0) Gecko/20100101 Firefox/69.0', 1, 1566336078, 'Firefox', 'Windows'),(147, '5d5c8127e8453', '127.0.0.1', 'es', 'Mozilla/5.0 (Windows NT 10.0; Win64; x64; rv:69.0) Gecko/20100101 Firefox/69.0', 1, 1566343463, 'Firefox', 'Windows'),(148, '5d6002c7dc32e', '127.0.0.1', 'es', 'Mozilla/5.0 (Windows NT 10.0; Win64; x64; rv:69.0) Gecko/20100101 Firefox/69.0', 1, 1566573255, 'Firefox', 'Windows'),(149, '5d60044be46c8', '127.0.0.1', 'es', 'Mozilla/5.0 (Windows NT 10.0; Win64; x64; rv:69.0) Gecko/20100101 Firefox/69.0', 1, 1566573643, 'Firefox', 'Windows');
UNLOCK TABLES;
COMMIT;
